Query,SCIE_Time,Hybrid_Time,SCIE_Matches,Hybrid_Matches,Speed_Improvement,Hybrid_Precision,Precision_Factor
java and cpp,0.006002664566040039,0.0004001140594482422,709,190,15.002383506137528,3.7526315789473683,0.005292851310221958
java or cpp,0.008120536804199219,0.0010137081146240235,709,709,8.01072486946705,2.379407616361072,0.003356005100650313
python and azure,0.007000446319580078,0.0006215095520019532,765,306,11.263618229246585,3.872549019607843,0.005062155581186723
"java or python, cpp",0.006097555160522461,0.0007876396179199219,892,226,7.741554667635307,4.438053097345133,0.004975395849041629
